TYPE,COUNT,EVENT_%,TOP_POS,BOTTOM_POS,SPLIT_SEQ,TOP_LOCAL_SEQ,BOTTOM_LOCAL_SEQ,SEQUENCE
5' overhang,396,50.31766200762389,1289,1293,False,TC,GC,5'...T|CGAG C...3'
,,,,,,,,3'...A GCTC|G...5'
Blunt end,97,12.32528589580686,1293,1293,False,GC,GC,5'...GAG|CTC...3'
,,,,,,,,3'...CTC|GAG...5'
5' overhang,67,8.513341804320204,1284,1293,False,TC,GC,5'...T|CAATTCGAG C...3'
,,,,,,,,3'...A GTTAAGCTC|G...5'
5' overhang,45,5.717916137229987,1291,1293,False,GA,GC,5'...G|AG C...3'
,,,,,,,,3'...C TC|G...5'
5' overhang,45,5.717916137229987,1285,1293,False,CA,GC,5'...C|AATTCGAG C...3'
,,,,,,,,3'...G TTAAGCTC|G...5'
3' overhang,34,4.320203303684879,1295,1293,False,TC,GC,5'...G CT|C...3'
,,,,,,,,3'...C|GA G...5'
5' overhang,27,3.4307496823379924,1286,1293,False,AA,GC,5'...A|ATTCGAG C...3'
,,,,,,,,3'...T TAAGCTC|G...5'
3' overhang,15,1.9059720457433291,1296,1293,False,CG,GC,5'...G CTC|G...3'
,,,,,,,,3'...C|GAG C...5'
3' overhang,10,1.2706480304955527,1297,1293,False,GG,GC,5'...G CTCG|G...3'
,,,,,,,,3'...C|GAGC C...5'
5' overhang,10,1.2706480304955527,1290,1293,False,CG,GC,5'...C|GAG C...3'
,,,,,,,,3'...G CTC|G...5'
3' overhang,6,0.7623888182973316,1300,1293,False,AC,GC,5'...G CTCGGTA|C...3'
,,,,,,,,3'...C|GAGCCAT G...5'
3' overhang,3,0.3811944091486658,1303,1293,False,CG,GC,5'...G CTCGGTACCC|G...3'
,,,,,,,,3'...C|GAGCCATGGG C...5'
5' overhang,3,0.3811944091486658,1292,1293,False,AG,GC,5'...A|G C...3'
,,,,,,,,3'...T C|G...5'
5' overhang,2,0.25412960609911056,1287,1293,False,AT,GC,5'...A|TTCGAG C...3'
,,,,,,,,3'...T AAGCTC|G...5'
5' overhang,2,0.25412960609911056,1289,1291,False,TC,TC,5'...T|CG A...3'
,,,,,,,,3'...A GC|T...5'
5' overhang,2,0.25412960609911056,1289,1292,False,TC,CT,5'...T|CGA G...3'
,,,,,,,,3'...A GCT|C...5'
5' overhang,2,0.25412960609911056,1289,1294,False,TC,AG,5'...T|CGAGC T...3'
,,,,,,,,3'...A GCTCG|A...5'
3' overhang,2,0.25412960609911056,1298,1293,False,GT,GC,5'...G CTCGG|T...3'
,,,,,,,,3'...C|GAGCC A...5'
5' overhang,2,0.25412960609911056,1289,1290,False,TC,CG,5'...T|C G...3'
,,,,,,,,3'...A G|C...5'
3' overhang,1,0.12706480304955528,1293,1291,False,GC,TC,5'...G AG|C...3'
,,,,,,,,3'...C|TC G...5'
3' overhang,1,0.12706480304955528,1301,1291,False,CC,TC,5'...G AGCTCGGTAC|C...3'
,,,,,,,,3'...C|TCGAGCCATG G...5'
5' overhang,1,0.12706480304955528,1286,1292,False,AA,CT,5'...A|ATTCGA G...3'
,,,,,,,,3'...T TAAGCT|C...5'
3' overhang,1,0.12706480304955528,1299,1293,False,TA,GC,5'...G CTCGGT|A...3'
,,,,,,,,3'...C|GAGCCA T...5'
3' overhang,1,0.12706480304955528,2605,1293,False,CC,GC,5'...G CTCGGTACCCGGGGATCCTCTAGAGTCGACCTGCAGGCATGCAAGCTTGGCACTGGCCGTCGTTTTACAACGTCGTGACTGGGAAAACCCTGGCGTTACCCAACTTAATCGCCTTGCAGCACATCCCCCTTTCGCCAGCTGGCGTAATAGCGAAGAGGCCCGCACCGATCGCCCTTCCCAACAGTTGCGCAGCCTGAATGGCGAATGGCGCCTGATGCGGTATTTTCTCCTTACGCATCTGTGCGGTATTTCACACCGCATATGGTGCACTCTCAGTACAATCTGCTCTGATGCCGCATAGTTAAGCCAGCCCCGACACCCGCCAACACCCGCTGACGCGCCCTGACGGGCTTGTCTGCTCCCGGCATCCGCTTACAGACAAGCTGTGACCGTCTCCGGGAGCTGCATGTGTCAGAGGTTTTCACCGTCATCACCGAAACGCGCGAGACGAAAGGGCCTCGTGATACGCCTATTTTTATAGGTTAATGTCATGATAATAATGGTTTCTTAGACGTCAGGTGGCACTTTTCGGGGAAATGTGCGCGGAACCCCTATTTGTTTATTTTTCTAAATACATTCAAATATGTATCCGCTCATGAGACAATAACCCTGATAAATGCTTCAATAATATTGAAAAAGGAAGAGTATGAGTATTCAACATTTCCGTGTCGCCCTTATTCCCTTTTTTGCGGCATTTTGCCTTCCTGTTTTTGCTCACCCAGAAACGCTGGTGAAAGTAAAAGATGCTGAAGATCAGTTGGGTGCACGAGTGGGTTACATCGAACTGGATCTCAACAGCGGTAAGATCCTTGAGAGTTTTCGCCCCGAAGAACGTTTTCCAATGATGAGCACTTTTAAAGTTCTGCTATGTGGCGCGGTATTATCCCGTATTGACGCCGGGCAAGAGCAACTCGGTCGCCGCATACACTATTCTCAGAATGACTTGGTTGAGTACTCACCAGTCACAGAAAAGCATCTTACGGATGGCATGACAGTAAGAGAATTATGCAGTGCTGCCATAACCATGAGTGATAACACTGCGGCCAACTTACTTCTGACAACGATCGGAGGACCGAAGGAGCTAACCGCTTTTTTGCACAACATGGGGGATCATGTAACTCGCCTTGATCGTTGGGAACCGGAGCTGAATGAAGCCATACCAAACGACGAGCGTGACACCACGATGCCTGTAGCAATGGCAACAACGTTGCGCAAACTATTAACTGGCGAACTACTTACTCTAGCTTCCCGGCAACAATTAATAGACTGGATGGAGGCGGATAAAGTTGCAGGACCACTTCTGCGCTCGGCC|C...3'
,,,,,,,,3'...C|GAGCCATGGGCCCCTAGGAGATCTCAGCTGGACGTCCGTACGTTCGAACCGTGACCGGCAGCAAAATGTTGCAGCACTGACCCTTTTGGGACCGCAATGGGTTGAATTAGCGGAACGTCGTGTAGGGGGAAAGCGGTCGACCGCATTATCGCTTCTCCGGGCGTGGCTAGCGGGAAGGGTTGTCAACGCGTCGGACTTACCGCTTACCGCGGACTACGCCATAAAAGAGGAATGCGTAGACACGCCATAAAGTGTGGCGTATACCACGTGAGAGTCATGTTAGACGAGACTACGGCGTATCAATTCGGTCGGGGCTGTGGGCGGTTGTGGGCGACTGCGCGGGACTGCCCGAACAGACGAGGGCCGTAGGCGAATGTCTGTTCGACACTGGCAGAGGCCCTCGACGTACACAGTCTCCAAAAGTGGCAGTAGTGGCTTTGCGCGCTCTGCTTTCCCGGAGCACTATGCGGATAAAAATATCCAATTACAGTACTATTATTACCAAAGAATCTGCAGTCCACCGTGAAAAGCCCCTTTACACGCGCCTTGGGGATAAACAAATAAAAAGATTTATGTAAGTTTATACATAGGCGAGTACTCTGTTATTGGGACTATTTACGAAGTTATTATAACTTTTTCCTTCTCATACTCATAAGTTGTAAAGGCACAGCGGGAATAAGGGAAAAAACGCCGTAAAACGGAAGGACAAAAACGAGTGGGTCTTTGCGACCACTTTCATTTTCTACGACTTCTAGTCAACCCACGTGCTCACCCAATGTAGCTTGACCTAGAGTTGTCGCCATTCTAGGAACTCTCAAAAGCGGGGCTTCTTGCAAAAGGTTACTACTCGTGAAAATTTCAAGACGATACACCGCGCCATAATAGGGCATAACTGCGGCCCGTTCTCGTTGAGCCAGCGGCGTATGTGATAAGAGTCTTACTGAACCAACTCATGAGTGGTCAGTGTCTTTTCGTAGAATGCCTACCGTACTGTCATTCTCTTAATACGTCACGACGGTATTGGTACTCACTATTGTGACGCCGGTTGAATGAAGACTGTTGCTAGCCTCCTGGCTTCCTCGATTGGCGAAAAAACGTGTTGTACCCCCTAGTACATTGAGCGGAACTAGCAACCCTTGGCCTCGACTTACTTCGGTATGGTTTGCTGCTCGCACTGTGGTGCTACGGACATCGTTACCGTTGTTGCAACGCGTTTGATAATTGACCGCTTGATGAATGAGATCGAAGGGCCGTTGTTAATTATCTGACCTACCTCCGCCTATTTCAACGTCCTGGTGAAGACGCGAGCCGG G...5'
Blunt end,1,0.12706480304955528,1291,1291,False,GA,TC,5'...TCG|AGC...3'
,,,,,,,,3'...AGC|TCG...5'
3' overhang,1,0.12706480304955528,1316,1293,False,GA,GC,5'...G CTCGGTACCCGGGGATCCTCTAG|A...3'
,,,,,,,,3'...C|GAGCCATGGGCCCCTAGGAGATC T...5'
3' overhang,1,0.12706480304955528,1285,951,False,CA,GC,5'...G CTGATACCGCTCGCCGCAGCCGAACGACCGAGCGCAGCGAGTCAGTGAGCGAGGAAGCGGAAGAGCGCCCAATACGCAAACCGCCTCTCCCCGCGCGTTGGCCGATTCATTAATGCAGCTGGCACGACAGGTTTCCCGACTGGAAAGCGGGCAGTGAGCGCAACGCAATTAATGTGAGTTAGCTCACTCATTAGGCACCCCAGGCTTTACACTTTATGCTTCCGGCTCGTATGTTGTGTGGAATTGTGAGCGGATAACAATTTCACACAGGAAACAGCTATGACCATGATTACGAATTCACCATGTCCTCTTCCTCTTTAGCGTTTAGAATTTC|A...3'
,,,,,,,,3'...C|GACTATGGCGAGCGGCGTCGGCTTGCTGGCTCGCGTCGCTCAGTCACTCGCTCCTTCGCCTTCTCGCGGGTTATGCGTTTGGCGGAGAGGGGCGCGCAACCGGCTAAGTAATTACGTCGACCGTGCTGTCCAAAGGGCTGACCTTTCGCCCGTCACTCGCGTTGCGTTAATTACACTCAATCGAGTGAGTAATCCGTGGGGTCCGAAATGTGAAATACGAAGGCCGAGCATACAACACACCTTAACACTCGCCTATTGTTAAAGTGTGTCCTTTGTCGATACTGGTACTAATGCTTAAGTGGTACAGGAGAAGGAGAAATCGCAAATCTTAAAG T...5'
3' overhang,1,0.12706480304955528,1295,1291,False,TC,TC,5'...G AGCT|C...3'
,,,,,,,,3'...C|TCGA G...5'
3' overhang,1,0.12706480304955528,1295,1290,False,TC,CG,5'...C GAGCT|C...3'
,,,,,,,,3'...G|CTCGA G...5'
3' overhang,1,0.12706480304955528,2552,1293,False,TT,GC,5'...G CTCGGTACCCGGGGATCCTCTAGAGTCGACCTGCAGGCATGCAAGCTTGGCACTGGCCGTCGTTTTACAACGTCGTGACTGGGAAAACCCTGGCGTTACCCAACTTAATCGCCTTGCAGCACATCCCCCTTTCGCCAGCTGGCGTAATAGCGAAGAGGCCCGCACCGATCGCCCTTCCCAACAGTTGCGCAGCCTGAATGGCGAATGGCGCCTGATGCGGTATTTTCTCCTTACGCATCTGTGCGGTATTTCACACCGCATATGGTGCACTCTCAGTACAATCTGCTCTGATGCCGCATAGTTAAGCCAGCCCCGACACCCGCCAACACCCGCTGACGCGCCCTGACGGGCTTGTCTGCTCCCGGCATCCGCTTACAGACAAGCTGTGACCGTCTCCGGGAGCTGCATGTGTCAGAGGTTTTCACCGTCATCACCGAAACGCGCGAGACGAAAGGGCCTCGTGATACGCCTATTTTTATAGGTTAATGTCATGATAATAATGGTTTCTTAGACGTCAGGTGGCACTTTTCGGGGAAATGTGCGCGGAACCCCTATTTGTTTATTTTTCTAAATACATTCAAATATGTATCCGCTCATGAGACAATAACCCTGATAAATGCTTCAATAATATTGAAAAAGGAAGAGTATGAGTATTCAACATTTCCGTGTCGCCCTTATTCCCTTTTTTGCGGCATTTTGCCTTCCTGTTTTTGCTCACCCAGAAACGCTGGTGAAAGTAAAAGATGCTGAAGATCAGTTGGGTGCACGAGTGGGTTACATCGAACTGGATCTCAACAGCGGTAAGATCCTTGAGAGTTTTCGCCCCGAAGAACGTTTTCCAATGATGAGCACTTTTAAAGTTCTGCTATGTGGCGCGGTATTATCCCGTATTGACGCCGGGCAAGAGCAACTCGGTCGCCGCATACACTATTCTCAGAATGACTTGGTTGAGTACTCACCAGTCACAGAAAAGCATCTTACGGATGGCATGACAGTAAGAGAATTATGCAGTGCTGCCATAACCATGAGTGATAACACTGCGGCCAACTTACTTCTGACAACGATCGGAGGACCGAAGGAGCTAACCGCTTTTTTGCACAACATGGGGGATCATGTAACTCGCCTTGATCGTTGGGAACCGGAGCTGAATGAAGCCATACCAAACGACGAGCGTGACACCACGATGCCTGTAGCAATGGCAACAACGTTGCGCAAACTATTAACTGGCGAACTACTTACTCTAGCTTCCCGGCAACAAT|T...3'
,,,,,,,,3'...C|GAGCCATGGGCCCCTAGGAGATCTCAGCTGGACGTCCGTACGTTCGAACCGTGACCGGCAGCAAAATGTTGCAGCACTGACCCTTTTGGGACCGCAATGGGTTGAATTAGCGGAACGTCGTGTAGGGGGAAAGCGGTCGACCGCATTATCGCTTCTCCGGGCGTGGCTAGCGGGAAGGGTTGTCAACGCGTCGGACTTACCGCTTACCGCGGACTACGCCATAAAAGAGGAATGCGTAGACACGCCATAAAGTGTGGCGTATACCACGTGAGAGTCATGTTAGACGAGACTACGGCGTATCAATTCGGTCGGGGCTGTGGGCGGTTGTGGGCGACTGCGCGGGACTGCCCGAACAGACGAGGGCCGTAGGCGAATGTCTGTTCGACACTGGCAGAGGCCCTCGACGTACACAGTCTCCAAAAGTGGCAGTAGTGGCTTTGCGCGCTCTGCTTTCCCGGAGCACTATGCGGATAAAAATATCCAATTACAGTACTATTATTACCAAAGAATCTGCAGTCCACCGTGAAAAGCCCCTTTACACGCGCCTTGGGGATAAACAAATAAAAAGATTTATGTAAGTTTATACATAGGCGAGTACTCTGTTATTGGGACTATTTACGAAGTTATTATAACTTTTTCCTTCTCATACTCATAAGTTGTAAAGGCACAGCGGGAATAAGGGAAAAAACGCCGTAAAACGGAAGGACAAAAACGAGTGGGTCTTTGCGACCACTTTCATTTTCTACGACTTCTAGTCAACCCACGTGCTCACCCAATGTAGCTTGACCTAGAGTTGTCGCCATTCTAGGAACTCTCAAAAGCGGGGCTTCTTGCAAAAGGTTACTACTCGTGAAAATTTCAAGACGATACACCGCGCCATAATAGGGCATAACTGCGGCCCGTTCTCGTTGAGCCAGCGGCGTATGTGATAAGAGTCTTACTGAACCAACTCATGAGTGGTCAGTGTCTTTTCGTAGAATGCCTACCGTACTGTCATTCTCTTAATACGTCACGACGGTATTGGTACTCACTATTGTGACGCCGGTTGAATGAAGACTGTTGCTAGCCTCCTGGCTTCCTCGATTGGCGAAAAAACGTGTTGTACCCCCTAGTACATTGAGCGGAACTAGCAACCCTTGGCCTCGACTTACTTCGGTATGGTTTGCTGCTCGCACTGTGGTGCTACGGACATCGTTACCGTTGTTGCAACGCGTTTGATAATTGACCGCTTGATGAATGAGATCGAAGGGCCGTTGTTA A...5'
5' overhang,1,0.12706480304955528,1286,1291,False,AA,TC,5'...A|ATTCG A...3'
,,,,,,,,3'...T TAAGC|T...5'
3' overhang,1,0.12706480304955528,1302,1293,False,CC,GC,5'...G CTCGGTACC|C...3'
,,,,,,,,3'...C|GAGCCATGG G...5'
3' overhang,1,0.12706480304955528,1294,1293,False,CT,GC,5'...G C|T...3'
,,,,,,,,3'...C|G A...5'
5' overhang,1,0.12706480304955528,1285,1291,False,CA,TC,5'...C|AATTCG A...3'
,,,,,,,,3'...G TTAAGC|T...5'
3' overhang,1,0.12706480304955528,1293,1292,False,GC,CT,5'...A G|C...3'
,,,,,,,,3'...T|C G...5'
3' overhang,1,0.12706480304955528,1302,1291,False,CC,TC,5'...G AGCTCGGTACC|C...3'
,,,,,,,,3'...C|TCGAGCCATGG G...5'
Error,213
